-- ============================================================
-- DONEGAL MASTERS - PART 2: SEED DATA
-- Run this after seed_1_migrate.sql
-- ============================================================


-- ============================================================
-- COURSES
-- ============================================================

INSERT INTO courses (id, name) VALUES
  ('11111111-0000-0000-0000-000000000001', 'Sandy Hills'),
  ('11111111-0000-0000-0000-000000000002', 'Old Tom Morris'),
  ('11111111-0000-0000-0000-000000000003', 'St Patricks Links');


-- ============================================================
-- HOLES (placeholder: all par 4, stroke index 1-18)
-- Update par and stroke_index with real scorecard values later.
-- ============================================================

-- Sandy Hills
INSERT INTO holes (course_id, hole_number, par, stroke_index) VALUES
  ('11111111-0000-0000-0000-000000000001',  1, 4,  1),
  ('11111111-0000-0000-0000-000000000001',  2, 4,  2),
  ('11111111-0000-0000-0000-000000000001',  3, 4,  3),
  ('11111111-0000-0000-0000-000000000001',  4, 4,  4),
  ('11111111-0000-0000-0000-000000000001',  5, 4,  5),
  ('11111111-0000-0000-0000-000000000001',  6, 4,  6),
  ('11111111-0000-0000-0000-000000000001',  7, 4,  7),
  ('11111111-0000-0000-0000-000000000001',  8, 4,  8),
  ('11111111-0000-0000-0000-000000000001',  9, 4,  9),
  ('11111111-0000-0000-0000-000000000001', 10, 4, 10),
  ('11111111-0000-0000-0000-000000000001', 11, 4, 11),
  ('11111111-0000-0000-0000-000000000001', 12, 4, 12),
  ('11111111-0000-0000-0000-000000000001', 13, 4, 13),
  ('11111111-0000-0000-0000-000000000001', 14, 4, 14),
  ('11111111-0000-0000-0000-000000000001', 15, 4, 15),
  ('11111111-0000-0000-0000-000000000001', 16, 4, 16),
  ('11111111-0000-0000-0000-000000000001', 17, 4, 17),
  ('11111111-0000-0000-0000-000000000001', 18, 4, 18);

-- Old Tom Morris
INSERT INTO holes (course_id, hole_number, par, stroke_index) VALUES
  ('11111111-0000-0000-0000-000000000002',  1, 4,  1),
  ('11111111-0000-0000-0000-000000000002',  2, 4,  2),
  ('11111111-0000-0000-0000-000000000002',  3, 4,  3),
  ('11111111-0000-0000-0000-000000000002',  4, 4,  4),
  ('11111111-0000-0000-0000-000000000002',  5, 4,  5),
  ('11111111-0000-0000-0000-000000000002',  6, 4,  6),
  ('11111111-0000-0000-0000-000000000002',  7, 4,  7),
  ('11111111-0000-0000-0000-000000000002',  8, 4,  8),
  ('11111111-0000-0000-0000-000000000002',  9, 4,  9),
  ('11111111-0000-0000-0000-000000000002', 10, 4, 10),
  ('11111111-0000-0000-0000-000000000002', 11, 4, 11),
  ('11111111-0000-0000-0000-000000000002', 12, 4, 12),
  ('11111111-0000-0000-0000-000000000002', 13, 4, 13),
  ('11111111-0000-0000-0000-000000000002', 14, 4, 14),
  ('11111111-0000-0000-0000-000000000002', 15, 4, 15),
  ('11111111-0000-0000-0000-000000000002', 16, 4, 16),
  ('11111111-0000-0000-0000-000000000002', 17, 4, 17),
  ('11111111-0000-0000-0000-000000000002', 18, 4, 18);

-- St Patricks Links
INSERT INTO holes (course_id, hole_number, par, stroke_index) VALUES
  ('11111111-0000-0000-0000-000000000003',  1, 4,  1),
  ('11111111-0000-0000-0000-000000000003',  2, 4,  2),
  ('11111111-0000-0000-0000-000000000003',  3, 4,  3),
  ('11111111-0000-0000-0000-000000000003',  4, 4,  4),
  ('11111111-0000-0000-0000-000000000003',  5, 4,  5),
  ('11111111-0000-0000-0000-000000000003',  6, 4,  6),
  ('11111111-0000-0000-0000-000000000003',  7, 4,  7),
  ('11111111-0000-0000-0000-000000000003',  8, 4,  8),
  ('11111111-0000-0000-0000-000000000003',  9, 4,  9),
  ('11111111-0000-0000-0000-000000000003', 10, 4, 10),
  ('11111111-0000-0000-0000-000000000003', 11, 4, 11),
  ('11111111-0000-0000-0000-000000000003', 12, 4, 12),
  ('11111111-0000-0000-0000-000000000003', 13, 4, 13),
  ('11111111-0000-0000-0000-000000000003', 14, 4, 14),
  ('11111111-0000-0000-0000-000000000003', 15, 4, 15),
  ('11111111-0000-0000-0000-000000000003', 16, 4, 16),
  ('11111111-0000-0000-0000-000000000003', 17, 4, 17),
  ('11111111-0000-0000-0000-000000000003', 18, 4, 18);


-- ============================================================
-- PLAYERS (no team assignment yet)
-- ============================================================

-- Dads
INSERT INTO players (name, role, handicap) VALUES
  ('John',   'dad', 11.9),
  ('Martin', 'dad', 14.0),
  ('Peter',  'dad', 18.0),
  ('Paul',   'dad', 14.6);

-- Mums
INSERT INTO players (name, role, handicap) VALUES
  ('Aisling', 'mum', 21.1),
  ('Eithne',  'mum', 26.0),
  ('Liz',     'mum', 22.0),
  ('Gillian', 'mum', 24.0);

-- Sons
INSERT INTO players (name, role, handicap) VALUES
  ('Ross',    'son',  9.4),
  ('Matthew', 'son',  5.1),
  ('Dave',    'son',  3.3),
  ('Sam',     'son', 12.0);
